ImageId,EncodedPixels
519dc0d672d1c295fc69b629af8721ccb1a1f136d1976685a68487e62547ffe0,57350 6 57604 9 57859 11 58114 12 58370 13 58625 14 58881 15 59137 14 59393 14 59649 13 59906 10 60162 8 60419 5 60676 3
ade080c6618cbbb0a25680cf847f312b5e19b22bfe1cafec0436987ebe5b1e7e,33039 5 33294 8 33550 9 33805 10 34061 11 34317 11 34574 9 34830 9 35087 7
0114f484a16c152baa2d82fdd43740880a762c93f436c8988ac461c5c9dbe7d5,25656 3 25911 6 26166 8 26422 9 26677 10 26933 11 27189 11 27445 11 27702 9 27958 9 28215 7 28472 5
a984e7fb886aa02e29d112766d3ce26a4f78eac540ce7bbdbd42af2761928f6d,29038 5 29292 10 29547 13 29803 14 30058 15 30315 15 30571 15 30828 14 31084 14 31341 12 31598 11 31856 8
1879f4f4f05e2bada0ffeb46c128b8df7a79b14c84f38c3e216a69653495153b,62064 7 62318 11 62573 13 62828 14 63084 15 63339 16 63596 14 63852 14 64109 12 64366 10
505bc0a3928d8aef5ce441c5a611fdd32e1e8eccdc15cc3a52b88030acb50f81,51837 5 52090 9 52345 11 52600 12 52855 14 53111 14 53366 15 53622 14 53879 13 54135 12 54392 10 54650 6
ca20076870e8fb604e61802605a9ac45419c82dd3e23404c56c4869f9502a5ef,18299 6 18554 11 18809 14 19065 15 19320 16 19577 16 19833 16 20089 16 20346 14 20602 14 20859 12 21116 8
1879f4f4f05e2bada0ffeb46c128b8df7a79b14c84f38c3e216a69653495153b,42369 13 42624 16 42879 19 43135 21 43390 23 43646 24 43902 24 44159 24 44415 24 44672 22 44928 22 45185 20 45442 18 45700 14 45959 7
0114f484a16c152baa2d82fdd43740880a762c93f436c8988ac461c5c9dbe7d5,4523 6 4777 10 5032 12 5287 14 5543 15 5798 17 6054 18 6310 19 6566 20 6822 20 7079 20 7335 20 7592 19 7849 17 8106 16 8363 16 8620 14 8878 12 9137 8
1879f4f4f05e2bada0ffeb46c128b8df7a79b14c84f38c3e216a69653495153b,64722 9 64977 11 65233 11 65488 13
44afae184c89e6ba55985b4d341acc1ae1e8b6ef96312064e0e6e630e022b078,1 32 513 31 1025 31 1537 31 2049 31 2561 30 3073 31 3585 31 4097 31 4609 31 5121 31 5633 31 6145 31 6657 31 7169 3 7175 25 7681 2 7688 24 8200 24 8713 23 9225 23 9737 22 10249 22 10761 22 11273 23 11785 22 12297 22 12809 21 13321 20 13833 19 14345 19 14857 18 15369 17 15881 16 16393 15 16905 15 17417 14 17929 14 18440 16 18952 16 19464 17 19976 17 20488 18 21000 18 21513 17 22025 16 22537 16 23049 15 23562 12 24074 9 24587 7 25100 5
a984e7fb886aa02e29d112766d3ce26a4f78eac540ce7bbdbd42af2761928f6d,205825 10 206337 12 206849 13 207361 14 207873 15 208385 16 208897 18 209409 19 209921 20 209957 6 210433 20 210468 10 210945 21 210980 12 211457 22 211491 15 211969 23 212003 17 212481 24 212515 18 212993 24 213027 20 213505 25 213539 22 214017 26 214051 23 214529 26 214562 25 215041 27 215074 26 215553 28 215585 28 216065 61 216577 61 217089 62 217601 62 218113 62 218625 62 219137 63 219649 63 220161 64 220673 64 221185 64 221697 64 222209 63 222721 63 223233 63 223745 63 224257 63 224769 63 225281 63 225793 63 226305 63 226817 63 227329 63 227841 63 228353 63 228865 63 229377 63 229889 63 230401 63 230913 63 231425 62 231937 62 232449 62 232961 62 233473 61 233985 61 234497 60 235009 59 235521 59 236033 58 236545 26 236575 27 237057 22 237091 22 237569 21 237604 20 238081 19 238116 20 238593 16 238629 18 239105 13 239143 15 239617 6 239657 11 240129 5 240170 8 240641 4 240684 5 241153 4 241665 3 242177 3 242689 2
5cee644e5ffbef1ba021c7f389b33bafd3b1841f04d3edd7922d5084c2c4e0c7,318998 4 319009 8 319509 6 319518 12 320020 23 320532 23 321043 25 321555 25 322067 25 322579 25 323090 27 323602 27 324113 28 324624 29 325135 31 325646 31 326157 32 326668 33 327179 33 327691 33 328202 33 328713 34 329225 33 329736 33 330248 32 330760 31 331272 29 331783 29 332295 27 332807 26 333318 26 333830 25 334342 25 334853 25 335365 25 335876 26 336388 26 336899 27 337409 29 337921 29 338433 29 338945 29 339457 29 339969 29 340481 30 340993 30 341505 30 342017 30 342531 29 343044 27 343556 27 344069 26 344581 25 345094 24 345606 23 346119 21 346632 19 347144 19 347657 17
8922a6ac8fd0258ec27738ca101867169b20d90a60fc84f93df77acd5bf7c80b,257071 3 257581 6 258091 8 258590 22 259101 24 259610 28 260121 29 260632 31 261143 32 261655 33 262166 35 262679 7 262689 24 263191 5 263202 24 263704 3 263714 24 264227 24 264740 23 265252 23 265765 22 266261 3 266276 24 266772 5 266788 24 267284 5 267299 25 267795 7 267810 26 268307 7 268321 27 268819 8 268832 28 269331 9 269343 29 269843 41 270355 41 270867 41 271380 39 271892 39 272404 39 272917 37 273429 37 273941 36 274453 35 274965 34 275478 32 275990 32 276503 30 277015 29 277528 27 278041 25 278554 22 279067 19 279580 16 280093 13 280606 9
ab298b962a63e4be9582513aaa84a5e270adba5fd2b16a50e59540524f63c3b8,299071 4 299582 6 300093 8 300604 10 301115 12 301626 15 302136 18 302646 20 303157 22 303667 24 304178 26 304689 27 305200 29 305709 32 306220 33 306732 32 307243 33 307755 33 308266 33 308778 33 309289 33 309801 32 310314 29 310826 28 311339 25 311852 22 312364 20 312877 18 313389 16 313902 13
4be73d68f433869188fe5e7f09c7f681ed51003da6aa5d19ce368726d8e271ee,54 14 567 12 1079 12 1592 10 2106 6
ca20076870e8fb604e61802605a9ac45419c82dd3e23404c56c4869f9502a5ef,190539 4 191050 6 191561 8 192073 9 192584 11 193096 12 193608 13 194120 14 194632 16 195144 17 195655 19 196167 20 196678 21 197190 22 197701 23 198213 23 198724 24 199236 24 199748 24 200259 25 200771 24 201283 25 201794 26 202306 26 202818 26 203330 27 203842 27 204354 27 204866 27 205377 28 205889 27 206402 26 206914 26 207426 26 207938 26 208450 26 208963 25 209475 25 209988 24 210500 23 211012 23 211525 22 212037 21 212549 21 213062 20 213574 19 214086 19 214599 17 215111 15 215623 14 216135 13 216647 13 217158 13 217670 12 218182 12 218694 11 219205 12 219718 10 220230 9 220743 8 221255 7 221768 4
17b9bf4356db24967c4677b8376ac38f826de73a88b93a8d73a8b452e399cdff,274529 6 275040 8 275550 12 276053 23 276564 26 277076 27 277587 31 278099 32 278611 33 279123 33 279635 34 280148 33 280660 34 281173 33 281685 32 282198 31 282710 30 283222 29 283733 29 284245 28 284757 27 285269 25 285782 23 286294 20 286807 18 287321 15 287835 11
da6c593410340b19bb212b9f6d274f95b08c0fc8f2570cd66bc5ed42c560acab,175226 9 175737 12 176248 15 176759 18 177270 21 177782 22 178293 24 178805 25 179294 7 179316 27 179805 11 179828 28 180317 14 180339 30 180828 18 180850 32 181340 55 181851 57 182363 58 182874 60 183385 62 183897 63 184408 65 184920 66 185431 68 185943 69 186455 70 186968 70 187480 70 187993 70 188506 70 189019 69 189532 69 190045 68 190557 69 191070 68 191582 69 192095 68 192608 68 193121 66 193633 66 194146 65 194658 66 195171 32 195206 30 195683 31 195719 28 196196 30 196234 25 196709 28 196747 23 197222 25 197260 21 197736 22 197772 20 198249 18 198285 18 198798 15 199311 11 199825 3
ade080c6618cbbb0a25680cf847f312b5e19b22bfe1cafec0436987ebe5b1e7e,229003 6 229509 13 230019 16 230530 18 231040 22 231548 27 232058 29 232568 32 233079 34 233589 37 234093 45 234603 48 235113 49 235624 50 236134 52 236645 40 236688 10 237155 41 237201 8 237666 41 237714 7 238178 40 238228 4 238689 40 239201 39 239713 39 240225 38 240736 39 241248 38 241760 38 242272 37 242784 36 243297 35 243809 34 244322 33 244834 33 245347 32 245860 31 246374 29 246887 28 247400 26 247913 25 248426 23 248939 22 249458 14 249971 12 250484 10 250996 8 251509 4
17b9bf4356db24967c4677b8376ac38f826de73a88b93a8d73a8b452e399cdff,104 10 616 10 1127 11 1639 11 2150 12 2660 14 3171 14 3683 14 4194 15 4706 15 5219 14 5731 13 6244 12 6756 11 7269 9 7782 7 8296 4
17b9bf4356db24967c4677b8376ac38f826de73a88b93a8d73a8b452e399cdff,285838 11 286348 15 286856 20 287366 23 287877 26 288388 28 288899 29 289409 32 289920 33 290431 34 290942 35 291453 36 291965 36 292476 37 292987 39 293498 40 294010 39 294521 40 295032 40 295544 39 296055 39 296567 38 297079 38 297591 37 298103 37 298615 36 299127 36 299639 36 300151 36 300663 36 301175 36 301687 35 302200 34 302712 33 303223 34 303735 33 304247 33 304759 32 305271 31 305783 31 306295 30 306808 28 307320 27 307833 25 308346 23 308858 22 309371 20 309884 18 310397 16 310910 13 311423 11 311939 3
ade080c6618cbbb0a25680cf847f312b5e19b22bfe1cafec0436987ebe5b1e7e,263834 4 264344 10 264854 13 265364 16 265875 18 266386 20 266897 22 267408 25 267919 28 268431 29 268942 30 269453 32 269965 32 270476 34 270988 34 271500 35 272012 35 272524 35 273036 35 273548 35 274060 35 274573 34 275085 34 275598 33 276110 32 276622 32 277135 30 277647 30 278160 28 278673 26 279185 25 279698 23 280211 20 280724 18 281237 16 281751 11
da6c593410340b19bb212b9f6d274f95b08c0fc8f2570cd66bc5ed42c560acab,139528 4 140037 9 140548 12 141060 13 141481 10 141571 14 141992 14 142083 15 142504 17 142594 17 143015 21 143106 17 143527 22 143617 19 144039 23 144100 4 144129 19 144552 23 144611 6 144641 20 145064 25 145123 6 145153 20 145576 26 145634 8 145665 21 146088 27 146146 9 146176 22 146601 27 146657 10 146688 23 147113 28 147165 15 147199 24 147626 27 147675 17 147711 25 148139 27 148186 19 148223 25 148651 28 148698 19 148736 25 149164 27 149209 21 149248 25 149677 27 149721 22 149761 25 150190 27 150233 23 150273 25 150703 27 150745 24 150786 24 151216 27 151257 26 151298 24 151728 28 151770 27 151811 24 152241 27 152282 29 152323 24 152753 28 152794 30 152835 23 153265 28 153306 32 153347 23 153776 30 153818 34 153860 21 154288 30 154330 35 154371 21 154800 31 154842 36 154883 20 155312 31 155355 36 155394 20 155825 31 155867 58 156337 31 156379 56 156849 32 156892 53 157361 33 157404 45 157873 34 157917 38 158385 35 158428 39 158897 35 158940 38 159409 36 159452 38 159921 36 159963 38 160434 36 160475 38 160946 37 160986 38 161459 77 161971 76 162484 74 162996 74 163509 72 164021 71 164534 69 165047 67 165559 66 166072 64 166585 62 167098 60 167611 58 168124 56 168638 51 169151 48 169663 46 170176 44 170688 43 171200 42 171711 42 172223 42 172734 42 173232 7 173245 43 173740 60 174251 61 174762 62 175273 62 175784 63 176295 63 176807 62 177318 62 177830 61 178342 61 178854 60 179365 60 179877 59 180389 57 180901 54 181412 53 181924 52 182435 45 182947 43 183459 42 183971 42 184483 41 184995 41 185508 41 186020 40 186533 39 187045 39 187558 37 188071 36 188583 36 189096 34 189609 33 190121 32 190634 30 191146 29 191659 28 192172 26 192685 25 193198 23 193710 23 194223 21 194735 20 195248 13 195761 6
ca20076870e8fb604e61802605a9ac45419c82dd3e23404c56c4869f9502a5ef,219377 7 219887 10 220396 16 220907 21 221417 24 221928 25 222439 27 222950 28 223461 29 223973 29 224484 30 224995 31 225507 31 226018 32 226530 32 227041 33 227552 34 228064 34 228575 35 229086 36 229598 35 230109 36 230620 37 231131 38 231642 39 232153 39 232664 40 233175 41 233687 41 234198 42 234710 42 235221 44 235733 44 236244 46 236756 47 237268 48 237780 49 238292 49 238804 50 239316 50 239828 51 240340 51 240852 51 241363 52 241875 52 242386 53 242897 54 243408 54 243919 55 244430 55 244942 54 245453 54 245965 54 246476 54 246988 53 247500 51 248011 50 248523 48 249035 44 249547 43 250059 43 250572 41 251084 41 251597 40 252109 40 252622 39 253134 40 253645 41 254157 41 254668 42 255164 4 255177 45 255674 7 255688 46 256183 12 256199 47 256694 63 257205 64 257716 65 258226 67 258737 68 259248 69 259760 68 260271 69 260783 68 261294 69 261806 68 262318 67 262829 67 263341 65 263853 52 263908 8 264365 51 264878 49 265390 49 265903 47 266416 46 266930 44 267444 41 267957 40 268471 37 268985 32 269499 29 270013 24
1d9eacb3161f1e2b45550389ecf7c535c7199c6b44b1c6a46303f7b965e508f1,332471 4 332981 10 333492 12 334004 13 334515 15 335027 15 335539 16 336051 18 336563 20 337075 22 337587 23 338099 23 338611 24 339122 26 339634 26 340146 27 340657 28 341169 29 341681 29 342193 30 342705 30 343218 30 343730 31 344242 31 344754 32 345267 32 345779 32 346291 33 346804 32 347316 32 347828 33
b83d1d77935b6cfd44105b54600ffc4b6bd82de57dec65571bcb117fa8398ba3,292572 7 293076 18 293129 4 293585 29 293640 6 294094 34 294149 9 294600 47 294659 12 295111 53 295168 15 295623 73 296134 75 296646 77 297158 78 297670 78 298183 78 298695 79 299207 80 299720 80 300232 81 300745 81 301258 80 301771 80 302284 80 302798 15 302816 61 303318 6 303329 11 303345 45 303831 5 303843 8 303858 44 304344 3 304356 6 304371 44 304884 43 305396 44 305909 43 306421 44 306934 43 307446 44 307959 44 308471 45 308984 45 309497 44 310010 44 310523 43 311036 43 311549 42 312062 40 312575 39 313087 38 313600 36 314113 34 314626 28 315142 10 315158 5
a984e7fb886aa02e29d112766d3ce26a4f78eac540ce7bbdbd42af2761928f6d,325837 6 326348 9 326860 10 327371 13 327883 15 328394 17 328906 17 329418 18 329930 20 330442 21 330955 21 331467 21 331980 21 332493 20 333006 20 333518 20 334031 20 334543 21 335056 21 335569 20 336082 20 336595 19 337108 18 337627 11 338140 11 338652 11 339165 9 339676 10 340188 11 340699 12 341212 12 341724 13 342236 14 342748 15 343261 14 343773 15 344286 14 344798 13 345311 12 345824 10 346336 6 346849 4
17b9bf4356db24967c4677b8376ac38f826de73a88b93a8d73a8b452e399cdff,188662 6 189171 10 189681 13 190191 16 190702 17 191213 19 191725 19 192236 21 192747 22 193257 24 193766 27 194276 29 194786 31 195296 33 195807 33 196318 34 196830 34 197341 35 197853 34 198365 34 198877 33 199389 33 199902 31 200414 30 200927 28 201440 9 201452 13 201954 5 201966 10 202479 7
0114f484a16c152baa2d82fdd43740880a762c93f436c8988ac461c5c9dbe7d5,326916 6 327424 11 327935 13 328446 14 328958 15 329469 17 329981 17 330492 19 331004 21 331515 24 332027 27 332539 29 333051 30 333564 30 334076 30 334589 30 335101 30 335613 31 336126 31 336638 32 337150 32 337662 33 338174 33 338687 31 339199 31 339711 30 340223 30 340736 28 341248 29 341761 28 342274 28 342787 27 343300 27 343813 27 344326 27 344839 28 345351 39 345864 42 346376 45 346889 45 347401 45 347914 45
191b2b2205f2f5cc9da04702c5d422bc249faf8bca1107af792da63cccfba829,226068 3 226579 9 227090 13 227602 16 228113 21 228625 26 229137 36 229649 39 230161 42 230673 43 231185 43 231698 43 232210 43 232723 42 233235 42 233748 41 234261 39 234774 38 235286 37 235799 35 236312 32 236824 30 237337 28 237850 26 238363 23 238876 20 239389 18 239902 14 240416 10 240931 5
a984e7fb886aa02e29d112766d3ce26a4f78eac540ce7bbdbd42af2761928f6d,89379 3 89889 6 90400 8 90911 10 91423 11 91934 12 92445 14 92956 15 93467 15 93979 15 94490 16 95003 16 95515 16 96028 14 96540 14 97053 12 97565 11 98078 9 98591 4
17b9bf4356db24967c4677b8376ac38f826de73a88b93a8d73a8b452e399cdff,249682 3 250192 9 250702 12 251213 14 251721 19 252232 21 252743 23 253254 25 253766 26 254277 28 254789 29 255300 32 255812 33 256323 35 256834 37 257344 40 257853 43 258364 45 258876 45 259387 47 259899 49 260411 50 260923 50 261435 51 261946 52 262458 52 262969 53 263480 54 263978 69 264488 71 264996 75 265506 77 266017 78 266528 78 267040 78 267551 78 268062 78 268573 77 269084 77 269596 76 270107 75 270619 70 271130 70 271642 70 272154 69 272666 70 273179 69 273691 70 274203 71 274716 71 275228 72 275741 71 276253 72 276765 72 277278 71 277790 71 278302 71 278814 71 279326 71 279838 70 280350 70 280862 69 281375 68 281887 68 282398 68 282910 68 283423 66 283935 66 284448 64 284960 64 285473 62 285987 59 286501 56 287015 53 287528 52 288041 50 288554 48 289067 46 289580 43 290094 26 290128 3 290607 24 291121 21 291639 15 292152 13 292664 13 293177 12 293689 12 294202 11 294716 9 295229 7 295742 6 296256 3
ade080c6618cbbb0a25680cf847f312b5e19b22bfe1cafec0436987ebe5b1e7e,202554 8 203064 12 203574 15 204084 19 204593 23 205103 26 205613 29 206124 31 206635 32 207146 34 207657 35 208169 35 208680 37 209192 37 209703 38 210215 38 210726 38 211238 38 211749 39 212261 39 212773 38 213285 38 213797 38 214309 38 214821 37 215334 36 215846 35 216359 33 216871 32 217384 31 217897 29 218410 28 218923 26 219436 24 219949 22 220464 15 220979 8
1879f4f4f05e2bada0ffeb46c128b8df7a79b14c84f38c3e216a69653495153b,138573 6 139084 8 139596 9 140107 11 140619 12 141118 3 141132 15 141629 8 141643 19 142141 9 142155 20 142652 11 142666 22 143164 37 143675 39 144182 44 144693 46 145204 47 145715 48 146227 48 146738 49 147251 47 147763 47 148276 45 148789 44 149303 41 149819 35 150333 29 150847 24 151369 11 151886 4
17b9bf4356db24967c4677b8376ac38f826de73a88b93a8d73a8b452e399cdff,303961 3 304471 6 304975 21 305486 23 305996 26 306507 28 307018 30 307529 32 308041 34 308552 36 309064 36 309576 37 310088 37 310600 38 311112 39 311624 39 312137 39 312649 39 313161 39 313673 40 314186 39 314698 40 315210 41 315722 41 316234 42 316747 41 317259 42 317772 42 318284 42 318797 42 319309 42 319822 41 320335 39 320847 39 321360 38 321872 39 322385 38 322898 37 323410 38 323923 37 324436 35 324949 34 325463 31 325977 28 326491 24 327004 22 327525 7 328039 3
ade080c6618cbbb0a25680cf847f312b5e19b22bfe1cafec0436987ebe5b1e7e,223087 5 223597 9 224108 14 224619 17 225130 19 225641 20 226152 22 226662 24 227171 26 227682 27 228193 27 228704 27 229215 27 229726 28 230236 29 230747 30 231256 33 231767 34 232278 35 232789 35 233300 36 233812 35 234323 35 234836 31 235348 24 235861 19 236378 6
ca20076870e8fb604e61802605a9ac45419c82dd3e23404c56c4869f9502a5ef,165250 3 165760 6 166271 7 166758 6 166782 9 167269 10 167293 10 167780 12 167803 11 168291 14 168313 13 168802 35 169314 34 169825 34 170337 32 170850 30 171362 9 171375 16 171875 7 171888 14 172388 3 172400 14 172913 12 173425 12 173938 10 174450 9 174963 7 175476 5
a984e7fb886aa02e29d112766d3ce26a4f78eac540ce7bbdbd42af2761928f6d,120192 3 120703 11 121214 16 121725 19 121775 4 122234 25 122280 13 122745 27 122790 17 123256 29 123301 22 123767 32 123812 25 124279 33 124324 27 124790 36 124835 30 125301 38 125346 33 125812 41 125858 37 126324 42 126369 42 126835 90 127347 92 127859 93 128371 94 128883 95 129394 97 129906 98 130419 98 130931 99 131443 99 131955 100 132467 100 132979 101 133491 101 134003 102 134515 102 135027 101 135539 101 136052 99 136564 99 137077 97 137590 96 138103 94 138616 93 139130 90 139643 88 140156 50 140214 28 140669 47 140728 24 141182 45 141696 5 141704 32 142219 27 142735 18
fac507fa4d1649e8b24c195d990f1fc3ca3633d917839e1751a9d412a14ab5e3,174491 16 175001 22 175507 29 176016 33 176526 36 177035 39 177546 41 178056 43 178567 44 179077 47 179588 48 180099 49 180610 50 181122 50 181633 51 182145 51 182656 52 183167 53 183679 53 184190 54 184702 54 185213 54 185725 54 186236 55 186748 55 187260 54 187771 55 188283 54 188795 53 189308 51 189820 51 190332 50 190845 47 191357 45 191870 43 192382 43 192895 41 193408 40 193921 40 194434 39 194946 40 195459 39 195970 41 196482 41 196993 43 197504 44 198014 45 198525 46 199036 46 199548 45 200059 44 200571 42 201083 41 201595 36 202108 33 202620 32 203132 29 203645 26 204157 25 204670 22 205182 20 205695 17 206208 13 206721 10 207235 3
ade080c6618cbbb0a25680cf847f312b5e19b22bfe1cafec0436987ebe5b1e7e,251277 7 251787 11 252298 13 252810 13 253321 15 253833 15 254345 15 254858 14 255370 14 255883 12 256395 12 256908 11 257419 12 257931 12 258442 13 258952 15 259462 17 259973 18 260485 17 260996 18 261508 17 262021 16 262533 16 263046 16 263559 15 264074 13 264587 12 265100 12 265612 12 266125 12 266637 12 267150 11 267662 11 268175 11 268687 11 269199 12 269711 12 270223 13 270735 13 271248 13 271760 13 272273 13 272786 12 273299 10 273812 9 274325 7
0114f484a16c152baa2d82fdd43740880a762c93f436c8988ac461c5c9dbe7d5,334742 8 335253 11 335268 5 335763 23 336273 27 336784 32 337295 35 337807 36 338318 37 338830 38 339342 38 339855 38 340367 38 340879 37 341392 36 341904 37 342417 36 342930 36 343443 36 343957 34 344474 30 344988 3 345000 15 345517 10 346031 7
0114f484a16c152baa2d82fdd43740880a762c93f436c8988ac461c5c9dbe7d5,197055 3 197559 15 198068 21 198578 24 199089 26 199600 27 200111 29 200623 29 201134 30 201646 30 202157 31 202669 31 203180 32 203691 33 204202 34 204713 35 205224 36 205734 37 206243 40 206753 42 207264 42 207775 43 208287 42 208798 43 209310 43 209821 44 210332 44 210840 48 211350 49 211860 51 212371 51 212882 51 213394 48 213905 13 213921 31 214418 9 214436 27 214930 6 214952 22 215443 4 215467 9 215479 5 215981 4
17b9bf4356db24967c4677b8376ac38f826de73a88b93a8d73a8b452e399cdff,228777 4 229283 14 229793 22 230304 32 230815 36 231327 39 231838 41 232349 43 232860 46 233372 47 233883 49 234395 49 234907 50 235419 50 235931 49 236443 49 236956 47 237468 45 237981 43 238494 41 239006 40 239519 38 240031 37 240543 35 241056 31 241568 29 242080 28 242593 26 243105 26 243618 24 244131 23 244644 21 245157 19 245670 17 246183 16 246697 13 247210 10 247725 5
a984e7fb886aa02e29d112766d3ce26a4f78eac540ce7bbdbd42af2761928f6d,292771 8 292782 5 293282 24 293792 27 294303 30 294815 31 295326 34 295838 39 296350 40 296862 45 297374 46 297885 48 298397 49 298909 49 299421 50 299933 51 300445 51 300957 52 301469 53 301981 54 302494 54 303006 55 303518 55 304031 55 304543 55 305056 54 305568 54 306081 52 306593 52 307105 51 307617 51 308130 49 308642 49 309154 49 309667 48 310179 47 310692 46 311204 46 311717 44 312229 44 312742 42 313255 40 313768 37 314281 35 314794 33 315307 31 315820 29 316333 27 316846 18 317367 7 317880 5
a984e7fb886aa02e29d112766d3ce26a4f78eac540ce7bbdbd42af2761928f6d,253895 4 254405 7 254916 9 255427 12 255938 20 256449 22 256960 24 257471 26 257983 27 258494 29 259005 30 259517 31 260028 33 260539 35 261050 36 261560 39 262071 40 262583 41 263094 43 263606 43 264118 44 264630 44 265142 44 265655 43 266167 42 266679 42 267191 42 267703 41 268215 41 268727 40 269239 40 269751 39 270264 38 270776 37 271289 35 271802 33 272317 29 272831 26 273344 23 273857 19 274370 17 274883 16 275395 15 275908 14 276421 12 276934 11 277448 8 277962 5
a984e7fb886aa02e29d112766d3ce26a4f78eac540ce7bbdbd42af2761928f6d,113125 4 113636 6 114147 9 114658 11 115170 12 115681 14 116190 18 116701 20 117213 21 117724 23 118235 25 118745 28 119256 29 119768 30 120279 32 120791 33 121303 34 121815 36 122327 38 122839 39 123352 41 123864 41 124377 40 124890 39 125403 38 125915 38 126428 37 126941 36 127454 35 127967 34 128480 33 128994 31 129508 29 130021 28 130536 25 131050 23 131565 18 132079 14 132600 3
ade080c6618cbbb0a25680cf847f312b5e19b22bfe1cafec0436987ebe5b1e7e,213498 4 214008 9 214518 11 215029 12 215540 13 216052 13 216563 14 217075 14 217586 15 218098 15 218610 15 219121 16 219633 16 220144 17 220656 17 221168 17 221679 18 222191 18 222702 19 223214 19 223725 20 224236 21 224748 21 225259 22 225771 22 226282 23 226793 24 227305 24 227816 25 228328 25 228840 25 229352 25 229864 25 230376 25 230888 25 231400 25 231912 25 232424 25 232936 25 233448 25 233960 25 234473 24 234985 24 235497 24 236009 24 236521 24 237033 24 237545 24 238057 24 238569 24 239081 24 239593 22 240106 20 240618 19 241131 17 241644 11 242157 9 242671 6
ca20076870e8fb604e61802605a9ac45419c82dd3e23404c56c4869f9502a5ef,330239 2 330745 8 331256 9 331767 10 332278 11 332789 12 333300 13 333812 13 334323 14 334834 15 335343 18 335852 21 336363 22 336874 23 337385 24 337897 24 338408 25 338921 24 339433 24 339946 23 340459 22 340972 3 340978 15 341492 13 342005 12 342518 11 343031 10 343543 10 344056 9 344568 9 345081 8 345593 8 346106 7 346622 3 347135 2
5cee644e5ffbef1ba021c7f389b33bafd3b1841f04d3edd7922d5084c2c4e0c7,185343 2 185853 4 186364 5 186875 6 187387 6 187898 7 188410 7 188921 8 189432 9 189944 9 190455 10 190967 10 191480 9 191992 9 192505 8 193018 7 193535 2
5cee644e5ffbef1ba021c7f389b33bafd3b1841f04d3edd7922d5084c2c4e0c7,59 17 572 15 1084 15 1597 13 2110 11 2627 4
17b9bf4356db24967c4677b8376ac38f826de73a88b93a8d73a8b452e399cdff,212076 3 212587 5 213099 6 213610 7 214123 7 214635 6 215148 5 215661 3
ade080c6618cbbb0a25680cf847f312b5e19b22bfe1cafec0436987ebe5b1e7e,200813 8 201324 16 201836 17 202347 19 202860 19 203372 20 203885 19 204398 19 204911 18 205422 9 205434 8 205933 10 205946 9 206445 10 206458 10 206956 11 206971 10 207469 9 207483 10 207981 9 207996 10 208494 7 208509 9 209021 8 209534 7 210047 5 210560 3
ade080c6618cbbb0a25680cf847f312b5e19b22bfe1cafec0436987ebe5b1e7e,49780 5 50291 7 50803 10 51314 13 51826 15 52338 17 52850 18 53363 17 53875 18 54388 17 54901 16 55413 15 55926 14 56439 13 56952 11 57465 10 57978 8 58491 7 59004 5
a984e7fb886aa02e29d112766d3ce26a4f78eac540ce7bbdbd42af2761928f6d,31939 5 32450 11 32960 14 33471 17 33983 19 34494 21 35006 22 35517 24 36029 25 36541 26 37053 27 37564 28 38076 29 38588 29 39100 30 39613 30 40125 30 40637 31 41149 31 41661 31 42173 32 42685 32 43198 30 43710 31 44223 30 44735 30 45247 29 45760 28 46272 27 46785 25 47298 25 47811 24 48323 25 48836 23 49348 23 49861 22 50374 20 50888 18 51402 15 51915 12 52429 9 52942 5
a984e7fb886aa02e29d112766d3ce26a4f78eac540ce7bbdbd42af2761928f6d,172287 7 172797 13 173306 19 173816 24 174327 26 174838 28 175349 30 175861 31 176372 33 176883 35 177395 35 177906 37 178418 37 178930 38 179442 38 179954 38 180466 38 180979 37 181491 36 182003 36 182515 36 183028 35 183540 34 184053 33 184565 32 185078 31 185591 29 186104 27 186617 25 187130 23 187644 19 188158 15 188673 7
0114f484a16c152baa2d82fdd43740880a762c93f436c8988ac461c5c9dbe7d5,151487 11 151996 16 152506 20 153017 22 153529 23 154039 26 154550 28 155061 30 155573 30 156084 32 156596 32 157108 32 157620 33 158131 34 158643 34 159155 34 159666 35 160177 36 160663 7 160687 38 161173 10 161198 40 161684 13 161709 40 162196 14 162220 41 162707 16 162731 41 163219 18 163240 44 163730 65 164242 64 164753 65 165266 63 165777 64 166289 64 166801 64 167313 64 167825 64 168337 64 168849 65 169361 65 169874 64 170386 64 170899 64 171411 64 171923 64 172436 63 172948 63 173461 61 173974 60 174487 59 175000 58 175512 58 176024 57 176536 57 177047 57 177560 56 178072 55 178585 54 179097 53 179610 51 180122 50 180635 25 180663 20 181147 24 181177 16 181659 24 181691 11 182172 23 182207 3 182684 23 183196 22 183709 21 184221 21 184734 19 185247 18 185760 16 186273 14 186787 11 187301 8
1879f4f4f05e2bada0ffeb46c128b8df7a79b14c84f38c3e216a69653495153b,18866 5 19369 15 19880 16 20392 17 20903 17 21415 26 21926 28 22438 16 22455 12 22949 30 23461 31 23973 31 24485 32 24997 32 25509 31 26021 31 26533 30 27045 30 27557 30 28069 29 28581 29 29093 28 29605 29 30117 29 30629 29 31142 27 31654 27 32167 25 32679 24 33191 12 33204 11 33704 22 34216 21 34729 19 35241 19 35754 17 36266 15 36779 13 37292 10 37810 3
ade080c6618cbbb0a25680cf847f312b5e19b22bfe1cafec0436987ebe5b1e7e,134071 9 134581 12 135092 14 135603 16 136114 18 136625 20 137136 22 137647 24 138159 24 138670 26 139182 26 139694 27 140206 27 140717 28 141229 29 141741 29 142253 28 142765 28 143278 26 143790 26 144303 24 144815 24 145328 22 145841 20 146354 16 146867 14 147380 11 147895 4
ade080c6618cbbb0a25680cf847f312b5e19b22bfe1cafec0436987ebe5b1e7e,338589 4 338594 6 339108 13 339627 14 340145 17 340664 19 341180 24 341699 25 342219 26 342738 27 343258 27 343779 26 344299 25 344820 24 345341 22 345862 20 346382 20 346903 20 347424 19 347943 21 348463 22 348982 23 349501 25 350016 29 350535 30 351055 29 351574 19 351599 5 352094 17 352120 3 352614 17 353135 17 353655 17 354176 15 354697 14 355219 11 355744 6 356266 3
ade080c6618cbbb0a25680cf847f312b5e19b22bfe1cafec0436987ebe5b1e7e,171148 13 171666 17 172185 20 172703 24 173221 28 173740 31 174260 33 174779 35 175298 37 175817 39 176337 40 176856 41 177376 42 177895 43 178415 44 178935 44 179455 44 179975 44 180495 44 181015 44 181535 44 182055 44 182575 44 183095 44 183615 43 184135 43 184655 43 185176 41 185696 41 186217 39 186737 39 187258 37 187779 36 188299 35 188820 33 189341 31 189862 30 190383 28 190904 26 191427 22 191948 20 192468 18 192989 15 193511 11 194033 5
a984e7fb886aa02e29d112766d3ce26a4f78eac540ce7bbdbd42af2761928f6d,277775 4 277783 3 278294 13 278813 14 279330 18 279849 18 280362 6 280369 19 280881 28 281400 30 281919 31 282435 38 282953 21 282979 15 283472 21 283501 13 283992 20 284020 15 284510 22 284541 13 285028 24 285061 13 285547 25 285581 12 286067 25 286102 11 286586 27 286621 11 287106 27 287140 11 287626 28 287660 10 288146 28 288179 11 288665 30 288700 9 289185 29 289220 8 289705 29 289741 6 290224 29 290744 27 291263 25 291783 24 292303 22 292823 21 293343 19 293862 19 294382 18 294901 18 295421 17 295942 15 296462 15 296983 13 297504 12 298024 11 298544 11 299064 10 299584 10 300105 8 300625 7 301146 5 301667 3
ade080c6618cbbb0a25680cf847f312b5e19b22bfe1cafec0436987ebe5b1e7e,76013 5 76532 7 77052 7 77563 3 77571 9 78081 6 78090 9 78600 21 79120 22 79639 23 80160 23 80680 23 81201 21 81721 21 82242 19 82762 18 83283 17 83804 16 84325 3 84329 11 84853 7 85373 6 85894 5 86415 3
ade080c6618cbbb0a25680cf847f312b5e19b22bfe1cafec0436987ebe5b1e7e,81267 10 81761 12 81782 17 82280 16 82300 21 82327 11 82799 44 82844 19 83318 67 83837 71 84357 72 84876 74 85395 76 85915 77 86434 78 86954 79 87473 80 87992 81 88512 82 89031 83 89550 84 90070 84 90589 86 91109 85 91629 85 92149 84 92669 47 92717 36 93188 46 93239 33 93708 44 93759 32 94227 30 94258 12 94280 31 94747 29 94782 4 94802 28 95267 23 95323 27 95788 15 95845 24 96307 14 96367 20 96827 13 96888 18 97348 11 97411 12 97868 10 98389 9 98914 3
ade080c6618cbbb0a25680cf847f312b5e19b22bfe1cafec0436987ebe5b1e7e,276315 11 276828 3 276832 17 277344 28 277861 34 278380 36 278899 38 279418 40 279937 42 280456 43 280975 45 281494 46 282014 46 282533 46 283053 46 283572 46 284092 45 284611 45 285131 44 285651 43 286170 44 286690 43 287210 43 287730 42 288250 42 288771 41 289291 42 289812 41 290332 41 290853 40 291374 40 291895 40 292417 38 292938 38 293458 38 293979 37 294500 36 295021 36 295542 35 296064 32 296585 31 297107 28 297628 26 298150 22 298671 19 299194 14
a4816cc1fb76cb3c5e481186833fc0ae9cf426a1406a2607e974e65e9cddba4f,356936 7 357455 10 357974 17 358493 20 359005 29 359524 32 360043 34 360562 35 361082 36 361601 37
d616d323a9eeb9da1b66f8d5df671d63c092c9919cb2c0b223e29c63257c944d,283140 3 283658 6 283666 3 284176 15 284695 17 285215 19 285713 8 285732 24 286232 12 286251 26 286751 14 286770 28 287270 17 287289 30 287790 50 288309 52 288829 53 289349 54 289869 54 290388 56 290908 57 291427 58 291947 59 292466 60 292984 63 293503 64 294022 66 294541 68 295061 68 295580 70 296100 70 296621 69 297141 69 297662 68 298182 68 298703 66 299223 66 299744 64 300265 62 300786 60 301307 33 301341 24 301828 31 301866 17 302348 31 302394 5 302869 30 303390 29 303912 26 304433 25 304955 22 305476 20 305997 18 306520 12 307045 3
ade080c6618cbbb0a25680cf847f312b5e19b22bfe1cafec0436987ebe5b1e7e,27368 7 27886 14 28403 19 28921 22 29424 14 29440 24 29938 46 30453 52 30970 55 31487 58 32005 60 32523 62 33041 63 33560 64 34078 65 34596 66 35115 65 35634 64 36154 61 36672 61 37191 60 37711 56 38230 55 38750 52 39269 51 39788 51 40308 49 40827 49 41348 47 41868 46 42388 45 42908 44 43427 44 43948 43 44468 42 44987 42 45506 42 46026 42 46545 42 47065 41 47586 39 48106 37 48627 34 49152 25 49674 5 49682 9
ab298b962a63e4be9582513aaa84a5e270adba5fd2b16a50e59540524f63c3b8,323727 18 324245 23 324763 27 325282 31 325801 34 326320 36 326839 39 327358 42 327878 44 328397 46 328916 49 329436 50 329955 52 330475 53 330994 55 331514 56 332033 58 332553 59 333073 60 333592 62 334112 62 334632 63 335152 63 335672 64 336192 64 336712 64 337232 64 337752 64 338273 63 338793 63 339313 63 339834 62 340354 62 340875 60 341395 60 341916 58 342437 57 342958 55 343479 53 344000 51 344522 48 345043 45 345566 41 346087 39 346609 35 347132 30 347655 3 347660 17 348184 11
da6c593410340b19bb212b9f6d274f95b08c0fc8f2570cd66bc5ed42c560acab,232330 10 232837 27 233353 32 233871 36 234390 38 234909 40 235429 40 235948 42 236467 43 236986 45 237501 50 238018 53 238537 54 239056 55 239576 55 240095 56 240615 56 241135 55 241655 55 242174 56 242694 56 243214 55 243734 55 244254 54 244773 55 245294 53 245814 53 246334 52 246855 51 247375 50 247896 49 248416 48 248937 47 249457 46 249978 45 250499 43 251020 41 251541 39 252062 37 252584 34 253107 30 253632 23 254153 18
fac507fa4d1649e8b24c195d990f1fc3ca3633d917839e1751a9d412a14ab5e3,31086 11 31603 17 32122 21 32641 25 33160 30 33680 32 34199 35 34719 36 35239 38 35759 39 36280 39 36800 39 37320 40 37840 40 38360 40 38880 40 39400 40 39920 40 40440 41 40960 41 41479 43 41999 43 42519 43 43038 43 43558 43 44077 44 44596 44 45116 44 45634 45 46153 45 46672 45 47191 45 47710 44 48229 44 48749 42 49268 42 49788 40 50307 39 50827 37 51347 34 51867 31 52388 27 52908 25 53429 21 53950 16 54473 7
0114f484a16c152baa2d82fdd43740880a762c93f436c8988ac461c5c9dbe7d5,283367 4 283886 9 284400 17 284912 4 284919 19 285430 7 285438 23 285948 34 286465 38 286505 4 286984 46 287502 49 288021 51 288541 51 289060 53 289580 53 290099 53 290619 53 291138 53 291658 54 292177 55 292696 56 293216 55 293735 56 294256 55 294776 55 295297 53 295817 53 296338 52 296856 53 297375 55 297438 3 297894 55 297955 6 298412 57 298473 8 298931 58 298991 10 299449 59 299509 12 299967 74 300486 75 301006 75 301525 76 302045 76 302565 28 302595 46 303084 28 303117 44 303604 28 303639 42 304123 29 304161 17 304179 22 304643 30 304684 10 304699 22 305163 30 305208 4 305217 24 305682 32 305730 5 305736 25 306202 32 306246 35 306722 32 306765 36 307242 32 307284 37 307762 32 307803 38 308282 32 308322 39 308802 32 308842 39 309322 32 309361 40 309842 33 309880 41 310363 32 310399 42 310883 32 310917 44 311404 31 311436 45 311923 78 312444 77 312964 77 313484 77 314004 77 314524 77 315044 77 315563 78 316082 79 316601 80 317119 62 317186 15 317636 63 317709 12 318155 62 318230 11 318674 49 318727 9 318753 8 319192 50 319276 4 319711 50 320231 49 320750 47 321270 43 321789 44 322309 44 322829 44 323349 44 323869 44 324390 44 324910 44 325431 43 325952 42 326472 41 326992 41 327513 40 328033 40 328554 39 329074 40 329595 38 330115 38 330636 37 331157 35 331678 34 332199 32 332721 29 333242 27 333764 22 334285 19 334808 12
0ed3555a4bd48046d3b63d8baf03a5aa97e523aa483aaa07459e7afa39fb96c6,160607 17 161124 26 161642 31 162159 38 162678 43 163197 47 163716 51 164236 53 164755 56 165275 57 165794 59 166314 60 166834 61 167353 62 167874 62 168394 62 168913 64 169433 64 169954 64 170474 64 170994 63 171514 63 172035 63 172555 62 173076 61 173597 59 174118 58 174640 55 175162 52 175684 49 176208 42 176732 35
259b35151d4a7a5ffdd7ab7f171b142db8cfe40beeee67277fac6adca4d042c4,78512 9 79030 11 79549 12 80067 14 80585 16 81104 17 81623 18 82142 19 82661 20 83181 20 83700 21 84220 21 84739 22 85259 22 85779 22 86298 23 86818 23 87338 23 87858 23 88379 22 88899 22 89419 22 89939 22 90459 22 90979 22 91500 21 92020 21 92541 20 93061 20 93582 19 94102 19 94623 18 95144 17 95665 16 96186 15 96707 14 97229 12 97750 11 98271 10 98793 8 99315 6 99838 3
ade080c6618cbbb0a25680cf847f312b5e19b22bfe1cafec0436987ebe5b1e7e,113863 7 114382 12 114901 15 115420 19 115940 21 116459 22 116978 23 117498 23 118017 24 118537 24 119058 23 119577 24 120097 24 120617 24 121138 23 121658 23 122179 22 122701 20 123222 19 123743 18 124264 17 124784 17 125304 17 125824 17 126345 16 126865 16 127386 15 127908 13 128429 12 128951 10 129473 8 129995 6 130518 3
17b9bf4356db24967c4677b8376ac38f826de73a88b93a8d73a8b452e399cdff,1 313 513 313 1025 313 1537 313 2049 312 2561 312 3073 311 3585 311 4097 310 4609 310 5121 309 5633 309 6145 309 6657 309 7169 308 7681 308 8193 308 8705 308 9217 308 9729 307 10241 307 10753 307 11265 280 11548 24 11777 279 12061 22 12289 279 12573 22 12801 278 13086 20 13313 279 13597 20 13825 279 14109 19 14337 280 14620 20 14849 302 15361 302 15873 302 16385 302 16897 303 17409 303 17921 303 18433 304 18945 304 19457 305 19969 305 20481 305 20993 304 21505 304 22017 303 22529 303 23041 304 23553 304 24065 305 24577 305 25089 306 25601 306 26113 307 26625 308 27137 308 27649 309 28161 309 28673 309 29185 310 29697 310 30209 311 30721 313 31233 314 31745 314 32257 315 32769 315 33281 314 33793 314 34305 313 34817 313 35329 312 35841 311 36353 309 36865 308 37377 307 37889 307 38401 306 38913 306 39425 305 39937 305 40449 304 40961 303 41473 302 41985 301 42497 300 43009 299 43521 299 44033 298 44545 297 45057 296 45569 296 46081 295 46593 295 47105 294 47617 293 48129 292 48641 291 49153 291 49665 290 50177 290 50689 289 51201 289 51713 288 52225 288 52737 287 53249 287 53761 287 54273 287 54785 287 55297 286 55809 286 56321 285 56833 276 57113 4 57345 274 57857 273 58369 272 58881 272 59393 271 59905 271 60417 270 60929 198 61130 68 61441 197 61643 67 61953 197 62155 66 62465 196 62668 66 62977 197 63179 67 63489 197 63691 7 63701 58 63762 3 64001 198 64202 7 64214 64 64513 208 64726 64 65025 207 65239 64 65537 207 65752 62 66049 207 66265 61 66561 207 66777 60 67073 207 67290 59 67585 208 67803 3 67809 52 68097 208 68322 50 68609 209 68835 49 69121 210 69347 48 69633 211 69860 47 70145 216 70372 46 70657 217 70885 4 70893 37 71169 218 71406 35 71681 218 71919 33 72193 219 72431 32 72705 219 72944 31 73217 220 73443 3 73456 30 73729 230 73968 30 74241 230 74481 28 74753 231 74993 28 75265 231 75505 27 75777 232 76016 27 76289 232 76528 27 76801 233 77039 27 77313 264 77825 264 78337 263 78849 263 79361 262 79873 262 80385 261 80897 260 81409 259 81921 259 82433 258 82945 256 83457 255 83969 253 84481 251 84993 250 85505 248 86017 246 86529 245 87041 244 87553 243 88065 239 88577 237 89089 234 89601 233 90113 232 90625 231 91137 231 91649 230 92161 230 92673 229 93185 229 93697 228 94209 227 94721 226 95233 225 95745 225 96257 224 96769 223 97281 223 97793 222 98305 221 98817 220 99329 219 99841 218 100353 217 100865 216 101377 215 101889 214 102401 212 102913 208 103425 207 103937 206 104449 205 104961 204 105473 203 105985 202 106497 201 107009 200 107521 199 108035 196 108548 194 109062 191 109578 183 110091 181 110603 180 111116 178 111629 176 112145 170 112658 167 113171 165 113683 164 114196 163 114709 161 115222 159 115735 157 116248 155 116761 153 117273 151 117786 146 118298 142 118811 138 119325 135 119838 133 120351 89 120443 38 120864 87 120961 28 121376 87 121474 26 121889 85 121987 23 122401 86 122499 21 122914 85 123012 18 123427 84 123524 17 123940 73 124017 7 124036 16 124452 72 124530 6 124547 16 124965 71 125042 7 125059 16 125477 70 125555 7 125570 16 125989 70 126067 11 126081 17 126501 70 126580 29 127014 69 127092 28 127526 69 127603 28 128039 67 128115 27 128552 66 128626 27 129065 65 129138 26 129578 64 129649 27 130090 64 130161 26 130603 64 130672 27 131115 64 131184 27 131628 64 131695 28 132140 95 132652 94 133164 30 133200 58 133677 28 133713 56 134189 28 134225 55 134702 26 134738 52 135215 19 135250 51 135727 18 135762 51 136240 16 136273 51 136752 16 136785 51 137264 15 137296 51 137776 14 137807 52 138241 2 138287 15 138319 51 138753 3 138800 13 138830 51 139265 6 139312 13 139343 49 139777 7 139825 11 139855 49 140289 16 140337 10 140368 47 140801 18 140827 5 140850 5 140880 46 141313 19 141338 8 141363 3 141393 44 141825 35 141906 42 142337 36 142419 40 142849 37 142931 38 143361 38 143444 36 143873 39 143956 35 144385 40 144467 35 144897 49 144979 34 145409 50 145490 34 145921 50 146001 34 146433 51 146511 30 146945 50 147022 30 147457 50 147534 29 147969 49 148045 29 148481 49 148557 28 148993 50 149068 28 149505 50 149579 28 150017 51 150090 28 150529 51 150601 28 151041 52 151105 3 151111 29 151553 52 151616 30 152065 53 152127 29 152577 54 152639 28 153089 57 153150 28 153601 88 154113 87 154625 86 155137 84 155649 82 156161 63 156227 14 156673 62 156740 10 157185 62 157697 61 158209 61 158721 60 159233 60 159745 60 160257 60 160769 60 161281 60 161793 59 162305 59 162817 58 163329 58 163841 57 164353 57 164865 56 165377 56 165889 56 166401 56 166913 56 167425 55 167937 55 168449 54 168961 53 169473 53 169985 52 170497 52 171009 51 171521 51 172033 50 172545 50 173057 50 173569 50 174081 50 174593 50 175105 49 175623 10 175639 27 176136 6 176152 4 176159 19 176649 4 176672 18 177184 18 177697 16 178208 17 178720 17 179231 18 179742 18 180253 19 180764 20 181276 19 181787 20 182299 20 182810 21 183322 21 183833 22 184345 22 184858 21 185370 20 185883 19 186394 19 186906 19 187417 19 187926 21 188436 22 188947 23 189456 25 189967 25 190478 25 190990 24 191501 24 192012 24 192524 11 192538 9 193025 7 193035 10 193051 7 193537 18 193563 6 194049 17 194076 5 194561 17 194589 3 195073 16 195585 15 196097 15 196609 14 197121 15 197633 15 198145 16 198657 20 199169 21 199681 21 200193 22 200705 21 201217 21 201729 20 202241 19 202753 18 203265 17 203777 6 203787 6 204289 5 204801 4 205313 3 205825 3 206337 2
5cee644e5ffbef1ba021c7f389b33bafd3b1841f04d3edd7922d5084c2c4e0c7,208385 2 208897 3 209409 3 209921 4 210433 4 210945 5 211457 5 211969 5 212481 6 212993 6 213505 7 214017 6 214529 6 215041 5 215553 4
17b9bf4356db24967c4677b8376ac38f826de73a88b93a8d73a8b452e399cdff,226305 2 226817 3 227329 3 227841 4 228353 5 228865 6 229377 6 229889 7 230401 7 230913 8 231425 8 231937 9 232449 10 232961 11 233473 11 233985 12 234497 11 235009 11 235521 11 236033 10 236545 10 237057 9 237569 8 238081 6 238593 5 239105 5 239617 4 240129 4 240641 3 241153 2
5cee644e5ffbef1ba021c7f389b33bafd3b1841f04d3edd7922d5084c2c4e0c7,131583 2 132093 4 132604 5 133115 6 133626 7 134137 8 134649 8 135160 9 135671 10 136182 11 136692 13 137203 14 137714 15 138225 16 138736 17 139247 18 139758 19 140270 19 140781 20 141293 20 141804 21 142316 21 142828 21 143340 21 143852 21 144364 21 144875 22 145387 22 145899 22 146410 23 146922 23 147433 24 147942 27 148452 29 148962 31 149472 33 149982 35 150493 36 151004 37 151515 38 152026 39 152537 40 153048 41 153559 42 154070 43 154581 44 155092 45 155603 46 156114 47 156625 48 157137 48 157648 49 158160 49 158672 49 159183 50 159695 50 160206 51 160717 52 161226 55 161737 56 162248 57 162758 59 163268 61 163779 62 164289 64 164800 65 165311 66 165822 67 166333 68 166844 69 167355 70 167866 71 168377 72 168888 73 169400 73 169911 74 170422 75 170934 75 171445 76 171955 78 172466 79 172977 80 173489 80 174000 81 174512 81 175023 82 175535 82 176046 83 176557 84 177068 85 177579 86 178090 87 178601 88 179112 89 179623 90 180135 90 180646 91 181157 92 181668 93 182180 93 182691 94 183203 94 183714 95 184226 95 184737 96 185249 96 185760 97 186272 97 186784 97 187296 97 187808 97 188319 98 188831 98 189342 99 189854 99 190366 99 190878 99 191390 99 191903 98 192415 98 192928 97 193440 97 193952 97 194463 98 194975 98 195486 99 195993 104 196500 109 197011 110 197522 111 198032 113 198543 114 199055 114 199566 115 200078 115 200589 116 201101 116 201612 117 202123 118 202633 120 203144 121 203654 123 204164 125 204675 126 205187 126 205698 127 206210 127 206721 128 207233 128 207745 128 208257 128 208770 127 209282 127 209795 126 210306 127 210818 127 211331 126 211843 126 212356 125 212867 126 213379 126 213890 127 214402 127 214913 128 215425 128 215936 129 216448 129 216959 130 217470 131 217981 132 218493 132 219004 133 219516 133 220027 134 220539 134 221050 135 221562 135 222073 136 222585 136 223097 136 223609 136 224121 136 224634 135 225145 136 225657 136 226169 136 226681 136 227193 136 227705 136 228216 137 228728 137 229240 137 229752 137 230264 137 230775 138 231287 138 231799 138 232311 138 232822 139 233334 139 233847 138 234359 138 234871 138 235382 139 235894 139 236406 139 236918 139 237430 139 237942 139 238454 139 238967 138 239479 138 239991 138 240504 137 241016 137 241528 137 242040 137 242552 137 243064 137 243577 136 244089 136 244602 135 245114 135 245626 135 246139 134 246651 134 247163 134 247675 134 248187 134 248699 134 249212 133 249724 133 250236 133 250748 133 251261 132 251773 132 252284 133 252796 133 253307 134 253818 135 254329 136 254839 138 255350 139 255861 140 256372 141 256882 143 257393 144 257905 144 258416 145 258928 145 259439 146 259950 147 260462 147 260973 148 261484 149 261996 149 262507 150 263020 149 263532 149 264043 150 264555 150 265067 150 265578 151 266090 151 266601 152 267112 153 267623 154 268135 154 268646 155 269158 155 269670 155 270182 155 270693 156 271205 156 271717 156 272229 156 272741 156 273252 157 273764 157 274276 157 274788 157 275299 158 275811 158 276323 158 276835 158 277347 158 277859 158 278370 159 278882 159 279395 158 279907 158 280419 158 280931 158 281443 158 281955 158 282467 158 282979 158 283490 159 284002 159 284514 159 285026 159 285537 160 286049 160 286561 160 287073 160 287585 160 288097 160 288610 159 289122 159 289635 158 290147 158 290659 158 291170 159 291682 159 292194 159 292706 159 293217 160 293729 160 294240 161 294747 166 295258 167 295770 167 296281 168 296794 167 297306 167 297819 166 298331 166 298844 165 299356 165 299867 166 300379 166 300890 167 301401 168 301913 168 302424 169 302935 170 303447 170 303958 171 304470 171 304981 172 305493 172 306005 172 306517 172 307028 173 307540 173 308051 174 308563 174 309076 173 309588 173 310101 172 310613 172 311126 171 311638 171 312151 170 312664 169 313176 169 313689 168 314201 168 314713 168 315225 168 315737 168 316249 168 316762 167 317274 167 317787 166 318299 166 318812 165 319324 165 319837 164 320349 164 320862 163 321375 162 321888 161 322402 159 322915 158 323428 157 323940 157 324453 156 324964 157 325476 157 325970 6 325979 3 325987 158 326481 176 326992 177 327504 177 328015 178 328526 179 329034 183 329545 184 330056 185 330567 186 331078 187 331589 188 332100 189 332611 190 333123 190 333634 191 334146 191 334657 192 335168 193 335680 193 336191 194 336702 195 337213 196 337725 196 338236 197 338747 198 339258 199 339770 199 340281 200 340793 200 341304 201 341815 202 342327 202 342838 203 343350 203 343862 203 344374 203 344886 203 345398 203 345910 203 346422 203 346934 203 347446 203 347957 204
